"context","surface_family","resolution_degree","baseline_feature","anisotropy_feature","coupled_baseline_feature","quadratic_baseline_feature","feature_names","level_coefficients","shape_coefficients","tolerance_voxels","cv_accepted","max_cv_error_voxels","max_validation_error_voxels","max_validation_axis_error_voxels","max_validation_geom_error_voxels","max_validation_axis_error_mm","max_validation_geom_error_mm","n_calibration","n_validation","n_validation_subjects","n_fwhm_reference_failures","voxel_axis_min_mm","voxel_axis_max_mm","kernel_ratio_min","kernel_ratio_max","coefficient_validation_passed","validation_method","max_replay_relative_error","n_positive_replays","n_negative_controls","n_replay_control_failures"
"susan_none","affine",0,TRUE,FALSE,FALSE,TRUE,"intercept;baseline_log;baseline_log_sq","-0.65903989999056878;0.065464753822112892;0.065854351820777493","0.24826571348605356;-0.13475594845899688;-0.1375850437097034",0.45,TRUE,0.442591019179513,0.796870727438674,0.796870727438674,0.387320281189658,1.75251350281139,1.54928112475863,360,1120,16,39,1.8,4,1.5,3,FALSE,"operator_replay",0,2,4,0
"gaussian_mask","power",0,TRUE,FALSE,FALSE,FALSE,"intercept;baseline_log","-0.24132220156002493;0.096275934630905446","-0.37744087943098897;-0.40538098637134207",0.5,TRUE,0.484746025505928,0.831694386818962,0.831694386818962,0.403052492000591,2.16032375906213,1.59333527658498,360,1120,16,38,1.8,4,1.5,3,FALSE,"operator_replay",0,2,4,0
"gaussian_nomask","power",0,TRUE,FALSE,FALSE,TRUE,"intercept;baseline_log;baseline_log_sq","0.12225934508190749;-0.17923681568297967;-0.1313624775094171","-0.80897347267213549;0.054271825858247767;0.047038653501279712",0.5,FALSE,0.587627572332819,0.842899645958276,0.842899645958276,0.317519238067241,1.86283851591097,1.14479095068617,360,1120,16,25,1.8,4,1.5,3,FALSE,"operator_replay",0,2,4,0
"susan_fmriprep","affine",0,FALSE,TRUE,FALSE,FALSE,"intercept;axis_anisotropy_log;anisotropy_variance","-0.46800873506327889;-0.7845707367411574;-1.7885512799212482","0.1292701127932335;0.40970395620241779;0.43632956508412712",0.5,FALSE,0.500500378297781,0.472083076492949,0.472083076492949,0.287391089248069,1.37810192404491,1.01055823357135,360,1120,16,0,1.8,4,1.5,3,FALSE,"operator_replay",0,2,4,0
"gaussian_mask_fmriprep","power",0,TRUE,FALSE,FALSE,TRUE,"intercept;baseline_log;baseline_log_sq","-0.20571043272271272;0.015301798530266317;0.040705988124403264","-0.42052818387272362;-0.22874322319818313;-0.16625435197497235",0.5,TRUE,0.484709767408062,0.95964276843607,0.95964276843607,0.364834242475345,2.27947788715905,1.29297092511899,360,1120,16,53,1.8,4,1.5,3,FALSE,"operator_replay",0,2,4,0
"gaussian_nomask_fmriprep","power",0,TRUE,FALSE,FALSE,TRUE,"intercept;baseline_log;baseline_log_sq","0.13490632500262126;-0.19654961181614097;-0.10861985415036748","-0.81614101042199683;0.082085362015568181;0.017208554409102805",0.5,FALSE,0.602469087814538,0.915789414980802,0.915789414980802,0.323905153295299,2.46893805717344,1.17687321803295,360,1120,16,35,1.8,4,1.5,3,FALSE,"operator_replay",0,2,4,0
"susan_template","affine",0,FALSE,TRUE,FALSE,FALSE,"intercept;axis_anisotropy_log;anisotropy_variance","-0.39334841371416002;-0.96634946392733456;-1.9118720366941764","0.033048148811180705;0.54184717203926969;0.58530118613014126",0.45,TRUE,0.410512261960447,0.405087224157018,0.405087224157018,0.262023180646813,1.42225455071537,0.95493888836149,360,1120,16,0,1.8,4,1.5,3,TRUE,"calibration",0,2,4,0
"gaussian_mask_template","power",0,TRUE,FALSE,FALSE,TRUE,"intercept;baseline_log;baseline_log_sq","-0.18678531376697244;0.0567515444278597;0.044033948981085272","-0.4474975344332448;-0.28105626025176955;-0.17086314186284754",0.5,TRUE,0.474175465502057,1.09976434849396,1.09976434849396,0.396744656023285,2.72037634389016,1.58697862409314,360,1120,16,50,1.8,4,1.5,3,FALSE,"operator_replay",0,2,4,0
"gaussian_nomask_template","power",1,TRUE,FALSE,FALSE,TRUE,"intercept;resolution_log;baseline_log;baseline_log_sq;resolution_baseline_log","0.16269603559070905;-0.09891727488365451;-0.19052132844867045;-0.25059818194449962;-0.1997729810598208","-0.87994285309660714;0.2298190302005815;0.19374458834342698;-0.020479215950125338;-0.11080441626817687",0.5,FALSE,0.597543300513988,1.10716832241695,1.10716832241695,0.388960439022487,2.76518080432585,1.3225524557828,360,1120,16,51,1.8,4,1.5,3,FALSE,"operator_replay",0,2,4,0
